,Dataset,BRM,BRM_M,BRM_C,BRM_Ch,GMM,ISOF,ocSVM,BRM_MinMax,BRM_M_MinMax,BRM_C_MinMax,BRM_Ch_MinMax,GMM_MinMax,ISOF_MinMax,ocSVM_MinMax,BRM_std,BRM_M_std,BRM_C_std,BRM_Ch_std,GMM_std,ISOF_std,ocSVM_std,BRM_Minmax_std,BRM_M_Minmax_std,BRM_C_Minmax_std,BRM_Ch_Minmax_std,GMM_Minmax_std,ISOF_Minmax_std,ocSVM_Minmax_std
0,ecoli-0-1_vs_5,0.9261363636363636,0.9204545454545454,0.8295454545454546,0.9261363636363636,0.8693181818181819,0.875,0.875,0.9261363636363636,0.9261363636363636,0.8352272727272727,0.9261363636363636,0.8693181818181819,0.8693181818181819,0.875,0.9261363636363636,0.9261363636363636,0.8295454545454546,0.9261363636363636,0.8693181818181819,0.8465909090909091,0.875,0.9261363636363636,0.9261363636363636,0.8181818181818182,0.9261363636363636,0.8693181818181819,0.8863636363636364,0.875
1,ecoli-0-2-3-4_vs_5,0.9189189189189189,0.9189189189189189,0.8783783783783784,0.9256756756756757,0.8918918918918919,0.8716216216216216,0.9054054054054055,0.9189189189189189,0.9189189189189189,0.8783783783783784,0.9256756756756757,0.8918918918918919,0.8851351351351352,0.9054054054054055,0.9189189189189189,0.9189189189189189,0.8783783783783784,0.9256756756756757,0.8918918918918919,0.8851351351351351,0.9054054054054055,0.9189189189189189,0.9189189189189189,0.8783783783783784,0.9189189189189189,0.8918918918918919,0.8581081081081081,0.9054054054054055
2,lymphography-normal-fibrosis,1.0,1.0,1.0,0.75,0.9464285714285714,1.0,0.9642857142857143,1.0,1.0,1.0,0.75,0.9464285714285714,1.0,0.9642857142857143,1.0,1.0,1.0,0.75,0.9464285714285714,1.0,0.9642857142857143,1.0,1.0,1.0,0.75,0.9464285714285714,1.0,0.9642857142857143
3,car-vgood,0.6153846153846154,0.5754215754215755,0.6100716100716101,0.5,0.9914529914529915,0.8704088704088704,0.9949179949179949,0.6502656502656503,0.610995610995611,0.6044121044121045,0.5,0.9914529914529915,0.8565488565488566,0.9949179949179949,0.5718410718410718,0.5354585354585354,0.6528066528066527,0.5,0.9914529914529915,0.8997458997458997,0.9949179949179949,0.5739200739200739,0.6153846153846154,0.5015015015015015,0.5,0.9914529914529915,0.7731577731577731,0.9949179949179949
4,glass1,0.6412037037037037,0.6527777777777777,0.6157407407407407,0.6157407407407407,0.5231481481481481,0.5486111111111112,0.576388888888889,0.6388888888888888,0.6712962962962963,0.6203703703703703,0.6203703703703703,0.5231481481481481,0.5277777777777778,0.576388888888889,0.6435185185185185,0.6527777777777778,0.6296296296296297,0.6226851851851851,0.5231481481481481,0.5324074074074074,0.576388888888889,0.6458333333333333,0.6527777777777778,0.625,0.6064814814814815,0.5231481481481481,0.5393518518518519,0.576388888888889
5,ecoli-0-3-4_vs_5,0.9722222222222222,0.9722222222222222,0.9444444444444444,0.9583333333333333,0.923611111111111,0.9305555555555556,0.9305555555555556,0.9722222222222222,0.9722222222222222,0.9444444444444444,0.9652777777777778,0.923611111111111,0.9027777777777778,0.9305555555555556,0.9722222222222222,0.9722222222222222,0.9444444444444444,0.9583333333333333,0.923611111111111,0.9444444444444444,0.9305555555555556,0.9722222222222222,0.9722222222222222,0.9513888888888888,0.9583333333333333,0.923611111111111,0.9513888888888888,0.9305555555555556
6,zoo-3,1.0,1.0,1.0,0.8,0.75,0.65,0.8,1.0,1.0,1.0,0.8,0.75,0.65,0.8,1.0,1.0,1.0,0.8,0.75,0.65,0.8,1.0,1.0,1.0,0.8,0.75,0.6,0.8
7,wisconsinImb,0.9932116104868913,0.9948501872659176,0.8939606741573034,0.9888810861423221,0.9803370786516854,0.9967228464419475,0.9948501872659176,0.9929775280898876,0.9946161048689138,0.8944288389513109,0.9886470037453183,0.9803370786516854,0.99812734082397,0.9948501872659176,0.9929775280898876,0.9950842696629213,0.8953651685393258,0.9886470037453183,0.9803370786516854,0.9971910112359551,0.9948501872659176,0.9929775280898876,0.9943820224719101,0.8939606741573034,0.9891151685393258,0.9803370786516854,0.9978932584269663,0.9948501872659176
8,ecoli-0-4-6_vs_5,1.0,1.0,0.918918918918919,0.9932432432432432,0.972972972972973,0.918918918918919,0.9864864864864865,1.0,1.0,0.9256756756756757,0.9932432432432432,0.972972972972973,0.9459459459459459,0.9864864864864865,1.0,1.0,0.9324324324324325,0.9932432432432432,0.972972972972973,0.9459459459459459,0.9864864864864865,1.0,1.0,0.9324324324324325,0.9932432432432432,0.972972972972973,0.9527027027027027,0.9864864864864865
9,ecoli-0-1-4-7_vs_5-6,0.8387096774193549,0.8774193548387097,0.7806451612903226,0.8225806451612903,0.8064516129032259,0.7774193548387096,0.7548387096774194,0.8193548387096774,0.8806451612903226,0.7870967741935484,0.8225806451612903,0.8064516129032259,0.7967741935483871,0.7548387096774194,0.8129032258064517,0.8516129032258064,0.7870967741935484,0.8096774193548387,0.8064516129032259,0.7774193548387096,0.7548387096774194,0.8354838709677419,0.8580645161290323,0.7870967741935484,0.8129032258064517,0.8064516129032259,0.7870967741935484,0.7548387096774194
10,glass-0-6_vs_5,0.875,0.875,0.875,0.825,0.675,0.675,0.875,0.875,0.875,0.875,0.825,0.675,0.7,0.875,0.875,0.875,0.875,0.825,0.675,0.725,0.875,0.875,0.875,0.875,0.825,0.675,0.625,0.875
11,glass-0-4_vs_5,0.8235294117647058,0.8823529411764706,0.8235294117647058,0.8235294117647058,0.8235294117647058,0.8529411764705882,0.5294117647058824,0.8529411764705882,0.8823529411764706,0.8235294117647058,0.8235294117647058,0.8235294117647058,0.7941176470588235,0.5294117647058824,0.8529411764705882,0.8823529411764706,0.8235294117647058,0.8235294117647058,0.8235294117647058,0.8235294117647058,0.5294117647058824,0.8235294117647058,0.8823529411764706,0.8235294117647058,0.8235294117647058,0.8235294117647058,0.7058823529411764,0.5294117647058824
12,ecoli-0-1_vs_2-3-5,0.9954545454545455,1.0,0.9090909090909091,0.9954545454545455,0.9681818181818181,0.9863636363636363,0.9727272727272728,0.9954545454545455,1.0,0.9136363636363636,0.990909090909091,0.9681818181818181,0.9954545454545455,0.9727272727272728,0.9954545454545455,1.0,0.9090909090909091,0.9954545454545455,0.9681818181818181,0.990909090909091,0.9727272727272728,0.9954545454545455,1.0,0.9090909090909091,0.9954545454545455,0.9681818181818181,0.9772727272727273,0.9727272727272728
13,yeast-0-2-5-7-9_vs_3-6-8,0.8439226519337016,0.8229281767955801,0.7325966850828729,0.8441988950276242,0.7798342541436464,0.7964088397790056,0.8146408839779005,0.8472375690607734,0.8290055248618784,0.7375690607734806,0.8425414364640884,0.7798342541436464,0.8284530386740332,0.8146408839779005,0.8466850828729282,0.8262430939226519,0.7328729281767956,0.8422651933701657,0.7798342541436464,0.7939226519337017,0.8146408839779005,0.8469613259668508,0.8218232044198894,0.73646408839779,0.8419889502762431,0.7798342541436464,0.8292817679558011,0.8146408839779005
14,ecoli-0-2-6-7_vs_3-5,0.985,0.98,0.9349999999999999,0.985,0.975,0.89,0.97,0.99,0.98,0.9349999999999999,0.985,0.975,0.88,0.97,0.99,0.98,0.9349999999999999,0.99,0.975,0.95,0.97,0.99,0.98,0.9249999999999999,0.985,0.975,0.95,0.97
15,ecoli-0-3-4-7_vs_5-6,0.9148936170212766,0.9148936170212766,0.8808510638297873,0.8978723404255319,0.8851063829787233,0.8808510638297872,0.8808510638297872,0.9191489361702128,0.9148936170212766,0.8851063829787235,0.902127659574468,0.8851063829787233,0.8723404255319149,0.8808510638297872,0.902127659574468,0.9148936170212766,0.8808510638297873,0.8851063829787233,0.8851063829787233,0.8042553191489361,0.8808510638297872,0.9191489361702128,0.9191489361702128,0.8851063829787235,0.8893617021276595,0.8851063829787233,0.8,0.8808510638297872
16,vehicle0,0.8317307692307692,0.8748076923076923,0.8886538461538461,0.7646153846153847,0.8638461538461538,0.7186538461538461,0.6934615384615385,0.8269230769230769,0.8721153846153846,0.8909615384615385,0.7559615384615385,0.8638461538461538,0.6967307692307692,0.6934615384615385,0.8298076923076924,0.8692307692307693,0.895,0.7642307692307693,0.8638461538461538,0.6434615384615385,0.6934615384615385,0.8309615384615385,0.8713461538461539,0.8909615384615385,0.7663461538461539,0.8638461538461538,0.6998076923076924,0.6934615384615385
17,ecoli-0-1-3-7_vs_2-6,0.990909090909091,0.990909090909091,0.9818181818181818,0.9818181818181818,0.990909090909091,0.9818181818181818,0.9545454545454546,0.990909090909091,0.990909090909091,0.9818181818181818,0.9818181818181818,0.990909090909091,0.9727272727272727,0.9545454545454546,0.990909090909091,0.990909090909091,0.9818181818181818,0.9818181818181818,0.990909090909091,0.9818181818181818,0.9545454545454546,0.990909090909091,0.990909090909091,0.9818181818181818,0.9818181818181818,0.990909090909091,0.9636363636363636,0.9545454545454546
18,kr-vs-k-zero_vs_eight,0.9831002331002331,0.8948135198135198,0.9813519813519813,0.5,0.7966200466200466,0.534965034965035,0.5052447552447552,0.9696969696969697,0.9831002331002331,0.979020979020979,0.5,0.7966200466200466,0.7004662004662005,0.5052447552447552,0.9612470862470862,0.9825174825174825,0.9825174825174825,0.5,0.7966200466200466,0.6171328671328671,0.5052447552447552,0.9603729603729604,0.9813519813519813,0.9597902097902098,0.5,0.7966200466200466,0.6468531468531469,0.5052447552447552
19,winequality-red-4,0.6072374227714034,0.6107678729037953,0.6275375110326566,0.5772285966460724,0.5228008237716976,0.5045601647543395,0.6240070609002648,0.6163577522800824,0.6154751397469844,0.6172403648131803,0.5601647543395116,0.5228008237716976,0.5342747867019711,0.6240070609002648,0.6042953809944102,0.6248896734333628,0.6275375110326566,0.5625183877611062,0.5228008237716976,0.5063253898205354,0.6240070609002648,0.6057664018829068,0.6037069726390115,0.6481318034716093,0.5607531626949103,0.5228008237716976,0.5433951162106502,0.6240070609002648
20,ecoli-0-1-4-6_vs_5,0.9278846153846154,0.9086538461538461,0.875,0.9134615384615384,0.8653846153846154,0.9038461538461539,0.8942307692307692,0.9230769230769231,0.9182692307692307,0.8846153846153846,0.9038461538461539,0.8653846153846154,0.9086538461538461,0.8942307692307692,0.9278846153846154,0.9326923076923077,0.8701923076923077,0.9086538461538461,0.8653846153846154,0.8846153846153846,0.8942307692307692,0.9182692307692307,0.9326923076923077,0.875,0.9134615384615384,0.8653846153846154,0.923076923076923,0.8942307692307692
21,vowel0,1.0,0.9993827160493827,0.9959876543209877,0.9978395061728395,0.962037037037037,0.9734567901234568,0.8228395061728395,1.0,0.9990740740740741,0.9953703703703703,0.9975308641975309,0.962037037037037,0.9725308641975309,0.8228395061728395,0.9993827160493827,0.9993827160493827,0.9947530864197531,0.9972222222222222,0.962037037037037,0.9731481481481482,0.8228395061728395,1.0,0.9987654320987654,0.9950617283950617,0.9981481481481481,0.962037037037037,0.9734567901234568,0.8228395061728395
22,poker-8-9_vs_5,0.6824390243902438,0.7212195121951219,0.566829268292683,0.7390243902439024,0.535609756097561,0.5121951219512195,0.5790243902439025,0.7180487804878048,0.7302439024390244,0.5624390243902438,0.688780487804878,0.535609756097561,0.5478048780487804,0.5790243902439025,0.7263414634146341,0.7107317073170731,0.5653658536585365,0.7053658536585365,0.535609756097561,0.5224390243902439,0.5790243902439025,0.7034146341463414,0.7195121951219512,0.5439024390243903,0.7082926829268292,0.535609756097561,0.5258536585365854,0.5790243902439025
23,winequality-red-8_vs_6,0.83203125,0.82421875,0.765625,0.8359375,0.775390625,0.720703125,0.64453125,0.8359375,0.810546875,0.771484375,0.83203125,0.775390625,0.72265625,0.64453125,0.833984375,0.82421875,0.767578125,0.830078125,0.775390625,0.736328125,0.64453125,0.83203125,0.82421875,0.775390625,0.83203125,0.775390625,0.72265625,0.64453125
24,yeast-2_vs_8,0.6639784946236559,0.6612903225806451,0.685483870967742,0.6263440860215054,0.6559139784946236,0.6155913978494624,0.5779569892473119,0.6612903225806452,0.6666666666666666,0.6881720430107527,0.6478494623655914,0.6559139784946236,0.6236559139784946,0.5779569892473119,0.6639784946236559,0.6612903225806451,0.6720430107526882,0.6559139784946236,0.6559139784946236,0.6505376344086021,0.5779569892473119,0.6532258064516129,0.6639784946236559,0.685483870967742,0.6424731182795699,0.6559139784946236,0.685483870967742,0.5779569892473119
25,glass-0-1-2-3_vs_4-5-6,0.9517045454545454,0.9517045454545454,0.9545454545454546,0.9573863636363636,0.9318181818181819,0.9090909090909091,0.8892045454545454,0.9545454545454546,0.9488636363636364,0.9545454545454546,0.9517045454545454,0.9318181818181819,0.9346590909090909,0.8892045454545454,0.9460227272727273,0.9488636363636364,0.9545454545454546,0.9573863636363636,0.9318181818181819,0.9431818181818182,0.8892045454545454,0.9488636363636364,0.9517045454545454,0.9602272727272727,0.9573863636363636,0.9318181818181819,0.9403409090909091,0.8892045454545454
26,abalone-3_vs_11,1.0,1.0,1.0,1.0,1.0,1.0,0.9897959183673469,1.0,1.0,1.0,1.0,1.0,1.0,0.9897959183673469,1.0,1.0,1.0,1.0,1.0,1.0,0.9897959183673469,1.0,1.0,1.0,1.0,1.0,1.0,0.9897959183673469
27,ecoli1,0.7451923076923077,0.75,0.5288461538461539,0.7223557692307693,0.7584134615384616,0.8209134615384616,0.7728365384615384,0.7536057692307692,0.7379807692307692,0.5204326923076923,0.7211538461538461,0.7584134615384616,0.8269230769230769,0.7728365384615384,0.7463942307692307,0.7451923076923077,0.5240384615384616,0.7223557692307692,0.7584134615384616,0.8245192307692308,0.7728365384615384,0.7439903846153846,0.7415865384615384,0.5264423076923077,0.7235576923076923,0.7584134615384616,0.828125,0.7728365384615384
28,abalone-17_vs_7-8-9-10,0.8585526315789473,0.8474049707602339,0.8709795321637427,0.8453947368421053,0.8221856725146199,0.7214912280701754,0.5531798245614035,0.8594663742690059,0.8550804093567251,0.8775584795321637,0.84375,0.8221856725146199,0.754203216374269,0.5531798245614035,0.853983918128655,0.8530701754385965,0.8768274853801169,0.8421052631578947,0.8221856725146199,0.7399488304093567,0.5531798245614035,0.8574561403508771,0.8538011695906433,0.8812134502923976,0.8430190058479532,0.8221856725146199,0.7260599415204678,0.5531798245614035
29,abalone19,0.6421391234418978,0.635102533172497,0.6586248492159228,0.6135906714917572,0.5904704463208685,0.6811419380780056,0.7895054282267792,0.6433453960595095,0.6304784881383193,0.6674708484117411,0.6145958986731002,0.5904704463208685,0.6642541214314435,0.7895054282267792,0.6465621230398071,0.6192199437072778,0.6622436670687575,0.6342983514274226,0.5904704463208685,0.7430639324487335,0.7895054282267792,0.6385203055890631,0.6312826698833937,0.6608363490148774,0.6300763972657821,0.5904704463208685,0.7165259348612787,0.7895054282267792
30,vehicle3,0.671671854971617,0.6484160410181286,0.5094305072331075,0.6703900384544955,0.6526277238600989,0.6387108588170665,0.6178355612525179,0.6705731550997985,0.6539095403772203,0.5050357077458341,0.6760666544588902,0.6526277238600989,0.6423731917231277,0.6178355612525179,0.6672770554843435,0.6513459073429775,0.5022889580662883,0.6713056216810108,0.6526277238600989,0.6507965574070683,0.6178355612525179,0.6755173045229812,0.6482329243728255,0.507965574070683,0.6709393883904047,0.6526277238600989,0.6747848379417689,0.6178355612525179
31,glass-0-1-6_vs_5,0.9428571428571428,0.9571428571428571,0.9142857142857143,0.9428571428571428,0.7142857142857143,0.8285714285714285,0.7,0.9285714285714286,0.9571428571428571,0.9142857142857143,0.9428571428571428,0.7142857142857143,0.8142857142857143,0.7,0.9285714285714286,0.9571428571428571,0.9142857142857143,0.9428571428571428,0.7142857142857143,0.8285714285714285,0.7,0.9428571428571428,0.9571428571428571,0.9142857142857143,0.9428571428571428,0.7142857142857143,0.7714285714285715,0.7
32,yeast-0-3-5-9_vs_7-8,0.6760869565217391,0.6717391304347826,0.6369565217391304,0.7010869565217391,0.5804347826086956,0.5793478260869565,0.6032608695652174,0.6771739130434783,0.6695652173913044,0.6402173913043478,0.692391304347826,0.5804347826086956,0.6130434782608696,0.6032608695652174,0.6706521739130434,0.6663043478260869,0.6413043478260869,0.6978260869565217,0.5804347826086956,0.5902173913043478,0.6032608695652174,0.6771739130434782,0.6684782608695652,0.6304347826086957,0.6978260869565218,0.5804347826086956,0.5913043478260869,0.6032608695652174
33,yeast3,0.7152203856749311,0.7048898071625345,0.7812213039485767,0.7047750229568412,0.7410468319559229,0.6818181818181819,0.563475665748393,0.7161386593204775,0.7000688705234159,0.7881083562901745,0.7058080808080809,0.7410468319559229,0.669536271808999,0.563475665748393,0.7192378328741965,0.7068411386593205,0.7786960514233241,0.7092516069788797,0.7410468319559229,0.6449724517906336,0.563475665748393,0.7118916437098255,0.7021349862258952,0.7796143250688705,0.7024793388429752,0.7410468319559229,0.647038567493113,0.563475665748393
34,iris0,1.0,1.0,1.0,1.0,1.0,0.97,1.0,1.0,1.0,1.0,1.0,1.0,0.95,1.0,1.0,1.0,1.0,1.0,1.0,0.925,1.0,1.0,1.0,1.0,1.0,1.0,0.965,1.0
35,abalone-20_vs_8-9-10,0.8509700176366843,0.8575837742504409,0.8108465608465608,0.8293650793650794,0.8778659611992945,0.7380952380952381,0.5022045855379189,0.8509700176366843,0.855379188712522,0.8112874779541446,0.8156966490299824,0.8778659611992945,0.6618165784832452,0.5022045855379189,0.8606701940035273,0.8615520282186949,0.8236331569664903,0.8346560846560847,0.8778659611992945,0.6626984126984127,0.5022045855379189,0.8531746031746033,0.8602292768959435,0.8037918871252204,0.8276014109347443,0.8778659611992945,0.6882716049382716,0.5022045855379189
36,car-good,0.5714285714285714,0.5315189328743546,0.5341006884681583,0.5,0.9100688468158348,0.7859294320137694,0.8259466437177281,0.5292598967297761,0.5697074010327022,0.534315834767642,0.5,0.9100688468158348,0.7988382099827883,0.8259466437177281,0.534315834767642,0.5315189328743546,0.532487091222031,0.5,0.9100688468158348,0.7426850258175559,0.8259466437177281,0.5030120481927711,0.5030120481927711,0.5313037865748709,0.5,0.9100688468158348,0.6516781411359724,0.8259466437177281
37,poker-9_vs_7,1.0,0.9893617021276595,0.7765957446808511,1.0,0.9680851063829787,0.8191489361702128,0.925531914893617,1.0,0.9893617021276595,0.7765957446808511,1.0,0.9680851063829787,0.8723404255319149,0.925531914893617,1.0,0.9893617021276595,0.7765957446808511,1.0,0.9680851063829787,0.8085106382978724,0.925531914893617,1.0,0.9893617021276595,0.7872340425531914,1.0,0.9680851063829787,0.8191489361702128,0.925531914893617
38,yeast-1-4-5-8_vs_7,0.6453634085213034,0.6904761904761905,0.7456140350877193,0.6817042606516291,0.6967418546365916,0.7406015037593985,0.6616541353383459,0.6566416040100251,0.6704260651629073,0.7506265664160401,0.6704260651629073,0.6967418546365916,0.7969924812030076,0.6616541353383459,0.650375939849624,0.6729323308270677,0.7431077694235589,0.6616541353383459,0.6967418546365916,0.7531328320802005,0.6616541353383459,0.6478696741854637,0.6729323308270677,0.731829573934837,0.6729323308270677,0.6967418546365916,0.7518796992481203,0.6616541353383459
39,flare-F,0.8422764227642277,0.8542005420054201,0.8422764227642277,0.743089430894309,0.8899728997289973,0.8888888888888888,0.9230352303523035,0.8417344173441734,0.843360433604336,0.8417344173441734,0.8222222222222222,0.8899728997289973,0.8677506775067751,0.9230352303523035,0.8471544715447155,0.7788617886178861,0.7636856368563686,0.8276422764227642,0.8899728997289973,0.8547425474254742,0.9230352303523035,0.846070460704607,0.8384823848238483,0.8308943089430894,0.8032520325203252,0.8899728997289973,0.9073170731707317,0.9230352303523035
40,winequality-red-3_vs_5,0.8576642335766423,0.8613138686131387,0.583941605839416,0.8613138686131387,0.9051094890510949,0.7992700729927007,0.7080291970802919,0.864963503649635,0.8613138686131387,0.6058394160583942,0.8613138686131387,0.9051094890510949,0.8211678832116789,0.7080291970802919,0.864963503649635,0.864963503649635,0.6386861313868613,0.8576642335766423,0.9051094890510949,0.8795620437956204,0.7080291970802919,0.8576642335766423,0.8795620437956204,0.6131386861313869,0.8540145985401459,0.9051094890510949,0.8430656934306568,0.7080291970802919
41,yeast-0-5-6-7-9_vs_4,0.5473684210526315,0.5521531100478468,0.5196172248803828,0.5636363636363637,0.5923444976076555,0.5397129186602871,0.5454545454545454,0.5406698564593302,0.5464114832535885,0.5215311004784688,0.5550239234449761,0.5923444976076555,0.5358851674641149,0.5454545454545454,0.5492822966507177,0.554066985645933,0.5110047846889951,0.584688995215311,0.5923444976076555,0.5205741626794258,0.5454545454545454,0.5444976076555024,0.5397129186602869,0.5186602870813397,0.5578947368421053,0.5923444976076555,0.5416267942583731,0.5454545454545454
42,shuttle-6_vs_2-3,1.0,1.0,1.0,1.0,1.0,0.9545454545454546,1.0,1.0,1.0,1.0,1.0,1.0,0.8977272727272727,1.0,1.0,1.0,1.0,1.0,1.0,0.9090909090909092,1.0,1.0,1.0,1.0,1.0,1.0,0.9318181818181819,1.0
43,glass-0-1-4-6_vs_2,0.5743243243243243,0.5608108108108107,0.5540540540540541,0.5675675675675675,0.5945945945945945,0.7094594594594594,0.7702702702702703,0.5608108108108107,0.5472972972972974,0.554054054054054,0.5608108108108109,0.5945945945945945,0.722972972972973,0.7702702702702703,0.5810810810810811,0.5540540540540541,0.5608108108108107,0.5675675675675675,0.5945945945945945,0.6756756756756757,0.7702702702702703,0.581081081081081,0.5405405405405406,0.5472972972972974,0.5337837837837838,0.5945945945945945,0.6486486486486487,0.7702702702702703
44,abalone-19_vs_10-11-12-13,0.5867026055705301,0.5575022461814915,0.60062893081761,0.5929919137466306,0.6163522012578616,0.6374663072776281,0.6329739442946991,0.5790655884995508,0.5570530098831986,0.5929919137466307,0.6096136567834681,0.6163522012578616,0.6500449236298294,0.6329739442946991,0.5929919137466307,0.5696316262353998,0.5970350404312669,0.5871518418688231,0.6163522012578616,0.6410601976639713,0.6329739442946991,0.5956873315363882,0.5754716981132075,0.6019766397124888,0.5974842767295598,0.6163522012578616,0.6451033243486074,0.6329739442946991
45,shuttle-c0-vs-c4,0.9970760233918129,0.9970760233918129,0.9970760233918129,0.9970760233918129,0.9970760233918129,1.0,0.9926291423001949,0.9970760233918129,0.9970760233918129,0.9970760233918129,0.9970760233918129,0.9970760233918129,0.9998781676413255,0.9926291423001949,0.9970760233918129,0.9970760233918129,0.9970760233918129,0.9970760233918129,0.9970760233918129,1.0,0.9926291423001949,0.9970760233918129,0.9970760233918129,0.9970760233918129,0.9970760233918129,0.9970760233918129,1.0,0.9926291423001949
46,vehicle1,0.652056277056277,0.6453823953823954,0.5010822510822511,0.6531385281385281,0.5615079365079365,0.6421356421356421,0.6046176046176046,0.654040404040404,0.6414141414141414,0.5023448773448773,0.6538600288600289,0.5615079365079365,0.6562049062049062,0.6046176046176046,0.6605339105339105,0.6320346320346321,0.5048701298701299,0.6545815295815296,0.5615079365079365,0.6812770562770563,0.6046176046176046,0.6536796536796536,0.6345598845598845,0.5151515151515152,0.654040404040404,0.5615079365079365,0.6369047619047619,0.6046176046176046
47,yeast-2_vs_4,0.9446640316205533,0.9407114624505929,0.8458498023715415,0.9456521739130435,0.9456521739130435,0.9792490118577075,0.9515810276679842,0.9466403162055336,0.9436758893280632,0.8507905138339922,0.9397233201581028,0.9456521739130435,0.9594861660079052,0.9515810276679842,0.9446640316205533,0.9397233201581028,0.8586956521739131,0.9367588932806324,0.9456521739130435,0.9822134387351779,0.9515810276679842,0.941699604743083,0.9407114624505929,0.8488142292490118,0.941699604743083,0.9456521739130435,0.9703557312252964,0.9515810276679842
48,glass5,0.975609756097561,0.975609756097561,0.975609756097561,0.9634146341463414,0.8536585365853658,0.8536585365853658,0.8292682926829269,0.975609756097561,0.975609756097561,0.975609756097561,0.9634146341463414,0.8536585365853658,0.8536585365853658,0.8292682926829269,0.975609756097561,0.975609756097561,0.975609756097561,0.9634146341463414,0.8536585365853658,0.8658536585365854,0.8292682926829269,0.975609756097561,0.975609756097561,0.975609756097561,0.9634146341463414,0.8536585365853658,0.9512195121951219,0.8292682926829269
49,habermanImb,0.7006535947712418,0.6993464052287581,0.6875816993464052,0.7013071895424836,0.5673202614379085,0.6196078431372549,0.5738562091503269,0.7032679738562091,0.6980392156862745,0.7045751633986927,0.7,0.5673202614379085,0.6444444444444444,0.5738562091503269,0.6954248366013072,0.6954248366013072,0.6993464052287581,0.7058823529411764,0.5673202614379085,0.6143790849673203,0.5738562091503269,0.7071895424836601,0.6993464052287581,0.7189542483660131,0.7071895424836601,0.5673202614379085,0.6274509803921569,0.5738562091503269
50,yeast-1-2-8-9_vs_7,0.5905797101449276,0.621376811594203,0.605072463768116,0.5996376811594203,0.5579710144927537,0.5208333333333333,0.552536231884058,0.5842391304347826,0.6295289855072465,0.6032608695652174,0.592391304347826,0.5579710144927537,0.5117753623188406,0.552536231884058,0.5878623188405797,0.6177536231884059,0.5914855072463767,0.5878623188405797,0.5579710144927537,0.5144927536231884,0.552536231884058,0.5833333333333333,0.6141304347826088,0.625,0.592391304347826,0.5579710144927537,0.5407608695652174,0.552536231884058
51,glass2,0.5192307692307692,0.5705128205128205,0.5833333333333333,0.5384615384615385,0.5833333333333334,0.6987179487179487,0.75,0.5384615384615384,0.5512820512820513,0.6025641025641024,0.5384615384615385,0.5833333333333334,0.75,0.75,0.5192307692307692,0.5576923076923077,0.5705128205128205,0.5384615384615385,0.5833333333333334,0.75,0.75,0.532051282051282,0.5641025641025641,0.608974358974359,0.5384615384615385,0.5833333333333334,0.7628205128205129,0.75
52,kr-vs-k-three_vs_eleven,0.9996904024767802,1.0,0.9998968008255934,0.5,0.9781217750257998,0.5766769865841073,0.9086687306501549,1.0,0.9996904024767802,1.0,0.5,0.9781217750257998,0.5398348813209495,0.9086687306501549,0.999484004127967,0.9993808049535604,0.9997936016511868,0.5,0.9781217750257998,0.5278637770897833,0.9086687306501549,0.9998968008255934,0.999484004127967,1.0,0.5,0.9781217750257998,0.7839009287925697,0.9086687306501549
53,glass4,0.8666666666666667,0.8916666666666667,0.8916666666666667,0.875,0.7416666666666667,0.6833333333333333,0.6666666666666667,0.8583333333333334,0.8833333333333333,0.8916666666666667,0.875,0.7416666666666667,0.7916666666666667,0.6666666666666667,0.8583333333333334,0.875,0.8916666666666667,0.8916666666666667,0.7416666666666667,0.7250000000000001,0.6666666666666667,0.8666666666666667,0.875,0.9,0.8916666666666667,0.7416666666666667,0.7416666666666667,0.6666666666666667
54,ecoli-0_vs_1,0.9954022988505747,0.9954022988505747,0.8045977011494253,0.9908045977011495,1.0,0.9908045977011495,1.0,0.993103448275862,1.0,0.793103448275862,0.993103448275862,1.0,0.9908045977011495,1.0,0.993103448275862,0.9954022988505747,0.8068965517241379,0.9908045977011495,1.0,1.0,1.0,0.993103448275862,1.0,0.7977011494252874,0.9908045977011495,1.0,0.9747126436781609,1.0
55,page-blocks-1-3_vs_4,0.9456928838951311,0.9606741573033708,0.9531835205992509,0.9344569288389513,0.7940074906367041,0.9101123595505618,0.6367041198501873,0.9456928838951311,0.9588014981273408,0.9569288389513109,0.9363295880149813,0.7940074906367041,0.897003745318352,0.6367041198501873,0.9438202247191011,0.9550561797752809,0.9588014981273408,0.9325842696629214,0.7940074906367041,0.898876404494382,0.6367041198501873,0.9456928838951311,0.9606741573033708,0.9569288389513109,0.9344569288389513,0.7940074906367041,0.898876404494382,0.6367041198501873
56,cleveland-0_vs_4,0.9791666666666666,1.0,0.9479166666666666,0.953125,1.0,0.9895833333333334,0.625,0.9791666666666666,1.0,0.9583333333333334,0.9739583333333334,1.0,0.9791666666666666,0.625,0.9791666666666666,1.0,0.9375,0.9635416666666666,1.0,0.9895833333333334,0.625,0.9791666666666666,0.9895833333333334,0.9583333333333334,0.953125,1.0,0.9895833333333334,0.625
57,vehicle2,0.8143939393939393,0.8493867243867244,0.799963924963925,0.7687590187590188,0.7552308802308803,0.6547619047619048,0.5560966810966811,0.8028499278499278,0.8544372294372294,0.7994227994227994,0.770021645021645,0.7552308802308803,0.6657647907647908,0.5560966810966811,0.80501443001443,0.8466810966810967,0.7976190476190477,0.7693001443001444,0.7552308802308803,0.6060606060606061,0.5560966810966811,0.8044733044733045,0.8547979797979798,0.8005050505050505,0.7676767676767676,0.7552308802308803,0.6338383838383838,0.5560966810966811
58,ecoli-0-1-4-7_vs_2-3-5-6,0.8494623655913979,0.8467741935483871,0.7876344086021505,0.8763440860215054,0.8333333333333334,0.8010752688172043,0.771505376344086,0.8467741935483871,0.8467741935483871,0.7795698924731183,0.8655913978494624,0.8333333333333334,0.8494623655913979,0.771505376344086,0.8440860215053764,0.8467741935483871,0.782258064516129,0.8709677419354839,0.8333333333333334,0.8225806451612903,0.771505376344086,0.8521505376344086,0.8521505376344086,0.7849462365591398,0.8709677419354839,0.8333333333333334,0.8413978494623656,0.771505376344086
59,ecoli4,0.921875,0.87890625,0.73046875,0.9140625,0.91796875,0.8984375,0.90234375,0.9140625,0.89453125,0.7421875,0.91015625,0.91796875,0.84765625,0.90234375,0.92578125,0.8828125,0.76953125,0.921875,0.91796875,0.87109375,0.90234375,0.921875,0.8828125,0.78515625,0.9140625,0.91796875,0.921875,0.90234375
60,pimaImb,0.7622222222222222,0.7440740740740741,0.5687037037037037,0.7590740740740741,0.7418518518518519,0.7529629629629631,0.7568518518518519,0.7631481481481481,0.7527777777777778,0.5742592592592592,0.7561111111111112,0.7418518518518519,0.7537037037037037,0.7568518518518519,0.765,0.7518518518518518,0.5690740740740741,0.7570370370370371,0.7418518518518519,0.752962962962963,0.7568518518518519,0.7601851851851852,0.7511111111111111,0.5768518518518518,0.7548148148148148,0.7418518518518519,0.7555555555555555,0.7568518518518519
61,abalone-21_vs_8,1.0,0.9941520467836257,0.9912280701754386,1.0,0.9941520467836257,0.9473684210526315,0.8742690058479532,0.9941520467836257,0.9941520467836257,0.9912280701754386,1.0,0.9941520467836257,0.9269005847953217,0.8742690058479532,1.0,0.9941520467836257,0.9941520467836257,1.0,0.9941520467836257,0.9590643274853802,0.8742690058479532,0.9941520467836257,0.9941520467836257,0.9941520467836257,1.0,0.9941520467836257,0.9269005847953217,0.8742690058479532
62,shuttle-c2-vs-c4,1.0,1.0,1.0,1.0,1.0,0.9791666666666667,0.8541666666666667,1.0,1.0,1.0,1.0,1.0,0.9583333333333333,0.8541666666666667,1.0,1.0,1.0,1.0,1.0,0.9791666666666667,0.8541666666666667,1.0,1.0,1.0,1.0,1.0,0.9791666666666667,0.8541666666666667
63,yeast1,0.5865204452771962,0.6021712774165106,0.6006282376281273,0.5670671222307947,0.5261765678386421,0.5446379367353686,0.5093684558580404,0.5860795767662295,0.6063044197068225,0.5971012895403945,0.5667364708475697,0.5261765678386421,0.5441970682244021,0.5093684558580404,0.5866857709688086,0.6056982255042433,0.5990851978397443,0.5686101620191778,0.5261765678386421,0.5119585583599692,0.5093684558580404,0.5889452220875124,0.6049818141739226,0.6041000771519894,0.5675079907417613,0.5261765678386421,0.5240824424115507,0.5093684558580404
64,winequality-white-3_vs_7,0.9914772727272727,0.9900568181818181,0.9957386363636364,0.9872159090909091,0.9886363636363636,0.9389204545454546,0.9701704545454546,0.9914772727272727,0.9900568181818181,0.9957386363636364,0.9886363636363636,0.9886363636363636,0.9488636363636364,0.9701704545454546,0.9914772727272727,0.9900568181818181,0.9957386363636364,0.9886363636363636,0.9886363636363636,0.9545454545454546,0.9701704545454546,0.9914772727272727,0.9900568181818181,0.9943181818181819,0.9886363636363636,0.9886363636363636,0.9517045454545454,0.9701704545454546
65,ecoli2,0.7783094098883573,0.8070175438596491,0.8564593301435407,0.7639553429027113,0.7384370015948963,0.6858054226475279,0.708133971291866,0.7926634768740032,0.7894736842105263,0.8580542264752791,0.7400318979266347,0.7384370015948963,0.6874003189792663,0.708133971291866,0.784688995215311,0.8102073365231259,0.8612440191387559,0.7719298245614035,0.7384370015948963,0.682615629984051,0.708133971291866,0.7862838915470494,0.8118022328548644,0.8564593301435407,0.7575757575757576,0.7384370015948963,0.6602870813397129,0.708133971291866
66,yeast4,0.7256834075015893,0.7142403051493961,0.6656071201525747,0.7304513668150032,0.759376986649714,0.7514303877940242,0.7762237762237763,0.7215511760966307,0.7129688493324857,0.6697393515575334,0.7320406865861411,0.759376986649714,0.7301335028607756,0.7762237762237763,0.7275905912269549,0.7142403051493961,0.6776859504132231,0.7320406865861411,0.759376986649714,0.7142403051493962,0.7762237762237763,0.7294977749523204,0.7082008900190718,0.6764144945963129,0.7301335028607756,0.759376986649714,0.7867132867132867,0.7762237762237763
67,yeast5,0.814429012345679,0.7878086419753086,0.6639660493827161,0.8090277777777778,0.785108024691358,0.8719135802469136,0.8680555555555556,0.8020833333333334,0.7951388888888888,0.6682098765432098,0.8217592592592593,0.785108024691358,0.8815586419753086,0.8680555555555556,0.8024691358024691,0.7905092592592593,0.6701388888888888,0.8082561728395061,0.785108024691358,0.9093364197530864,0.8680555555555556,0.8109567901234568,0.7916666666666667,0.6697530864197531,0.8113425925925926,0.785108024691358,0.8935185185185185,0.8680555555555556
68,poker-8_vs_6,0.9443493150684932,0.9674657534246576,0.6678082191780822,0.8771404109589042,0.7226027397260274,0.6506849315068493,0.7328767123287672,0.9460616438356164,0.9657534246575342,0.6575342465753424,0.8771404109589042,0.7226027397260274,0.6053082191780822,0.7328767123287672,0.9452054794520548,0.9674657534246576,0.6601027397260274,0.8779965753424658,0.7226027397260274,0.5881849315068493,0.7328767123287672,0.9511986301369862,0.9683219178082192,0.6660958904109588,0.959332191780822,0.7226027397260274,0.6789383561643836,0.7328767123287672
69,ecoli-0-6-7_vs_5,0.88125,0.9,0.80625,0.86875,0.80625,0.675,0.73125,0.89375,0.89375,0.76875,0.86875,0.80625,0.6937500000000001,0.73125,0.8875,0.89375,0.7875000000000001,0.8625,0.80625,0.85,0.73125,0.8875,0.9,0.76875,0.875,0.80625,0.8625,0.73125
70,glass-0-1-6_vs_2,0.5,0.5071428571428571,0.5071428571428571,0.5142857142857142,0.5571428571428572,0.5714285714285714,0.8999999999999999,0.5,0.5,0.5214285714285715,0.5285714285714286,0.5571428571428572,0.6071428571428572,0.8999999999999999,0.5071428571428571,0.5071428571428571,0.5071428571428571,0.5142857142857142,0.5571428571428572,0.5428571428571429,0.8999999999999999,0.5,0.5142857142857142,0.5071428571428571,0.5428571428571429,0.5571428571428572,0.6499999999999999,0.8999999999999999
71,kr-vs-k-zero_vs_fifteen,1.0,1.0,1.0,0.5,1.0,0.8102386451116244,0.9903772132409546,1.0,1.0,1.0,0.5,1.0,0.7505773672055427,0.9903772132409546,1.0,1.0,1.0,0.5,1.0,0.8556581986143188,0.9903772132409546,1.0,1.0,1.0,0.5,1.0,0.8117782909930716,0.9903772132409546
72,new-thyroid1,0.9444444444444444,0.9206349206349207,0.746031746031746,0.9722222222222222,0.9166666666666666,0.8412698412698413,0.8174603174603174,0.9642857142857143,0.9246031746031746,0.75,0.9682539682539683,0.9166666666666666,0.8214285714285714,0.8174603174603174,0.9523809523809523,0.9365079365079365,0.7579365079365079,0.9722222222222222,0.9166666666666666,0.8492063492063492,0.8174603174603174,0.9523809523809523,0.9325396825396826,0.75,0.9761904761904762,0.9166666666666666,0.8492063492063492,0.8174603174603174
73,glass6,0.9684684684684686,0.972972972972973,0.972972972972973,0.9504504504504505,0.9684684684684686,0.9594594594594595,0.8963963963963963,0.9684684684684686,0.972972972972973,0.972972972972973,0.9504504504504505,0.9684684684684686,0.972972972972973,0.8963963963963963,0.9684684684684686,0.972972972972973,0.9684684684684686,0.9459459459459459,0.9684684684684686,0.963963963963964,0.8963963963963963,0.963963963963964,0.972972972972973,0.9684684684684686,0.9504504504504505,0.9684684684684686,0.9459459459459459,0.8963963963963963
74,page-blocks0,0.9134210143874437,0.8841556459816887,0.9048557622438599,0.9309239209417236,0.9532589739863392,0.9206238192123238,0.7269837232960326,0.9197972678389769,0.891676355180933,0.9064271181514315,0.9340575497747421,0.9532589739863392,0.9201878360703386,0.7269837232960326,0.923793779973841,0.8903774887371022,0.9054189071355907,0.934820520273216,0.9532589739863392,0.9185165673593955,0.7269837232960326,0.9210961342828077,0.8840829821246912,0.9020945356779538,0.9349385990408371,0.9532589739863392,0.9295160587123965,0.7269837232960326
75,yeast-0-2-5-6_vs_3-7-8-9,0.7151933701657459,0.7002762430939227,0.6530386740331493,0.7425414364640884,0.7657458563535912,0.7732044198895027,0.8077348066298342,0.7279005524861879,0.7038674033149172,0.6458563535911602,0.7544198895027625,0.7657458563535912,0.769889502762431,0.8077348066298342,0.7226519337016575,0.7030386740331491,0.6472375690607735,0.7505524861878453,0.7657458563535912,0.7925414364640884,0.8077348066298342,0.7209944751381216,0.7113259668508287,0.6472375690607735,0.7425414364640884,0.7657458563535912,0.8091160220994476,0.8077348066298342
76,yeast-1_vs_7,0.622093023255814,0.6337209302325582,0.6182170542635659,0.6124031007751938,0.6918604651162791,0.686046511627907,0.7189922480620154,0.6143410852713178,0.6375968992248062,0.6027131782945736,0.6104651162790697,0.6918604651162791,0.6627906976744186,0.7189922480620154,0.6182170542635659,0.6375968992248062,0.6027131782945736,0.6124031007751938,0.6918604651162791,0.6763565891472868,0.7189922480620154,0.627906976744186,0.6356589147286822,0.622093023255814,0.6162790697674418,0.6918604651162791,0.6627906976744187,0.7189922480620154
77,glass0,0.6182266009852218,0.5763546798029557,0.6083743842364532,0.6724137931034483,0.6083743842364532,0.6798029556650247,0.6699507389162562,0.6182266009852218,0.5689655172413793,0.6231527093596059,0.6650246305418719,0.6083743842364532,0.6527093596059113,0.6699507389162562,0.6305418719211823,0.5763546798029556,0.6157635467980296,0.6699507389162562,0.6083743842364532,0.6798029556650247,0.6699507389162562,0.6206896551724138,0.5640394088669951,0.6108374384236452,0.6674876847290641,0.6083743842364532,0.6600985221674877,0.6699507389162562
78,ecoli3,0.702576112412178,0.6604215456674474,0.6697892271662763,0.6932084309133489,0.7939110070257611,0.7868852459016393,0.765807962529274,0.6791569086651055,0.6697892271662764,0.6721311475409836,0.6697892271662764,0.7939110070257611,0.8056206088992974,0.765807962529274,0.6697892271662764,0.6721311475409837,0.65807962529274,0.6744730679156908,0.7939110070257611,0.8126463700234192,0.765807962529274,0.6768149882903981,0.6674473067915692,0.6557377049180328,0.6721311475409836,0.7939110070257611,0.7892271662763466,0.765807962529274
79,kr-vs-k-one_vs_fifteen,1.0,1.0,1.0,0.5,1.0,0.9318706697459584,0.9950923787528868,1.0,0.9998556581986143,0.9998556581986143,0.5,1.0,0.9271073903002309,0.9950923787528868,0.9998556581986143,0.9998556581986143,0.9998556581986143,0.5,1.0,0.936633949191686,0.9950923787528868,0.9998556581986143,1.0,0.9998556581986143,0.5,1.0,0.8737009237875288,0.9950923787528868
80,shuttle-2_vs_5,0.9970948012232416,0.9978593272171254,0.9970948012232416,0.9970948012232416,0.9946483180428134,0.987308868501529,0.9584097859327217,0.9970948012232416,0.9978593272171254,0.9967889908256881,0.9970948012232416,0.9946483180428134,0.9807339449541285,0.9584097859327217,0.9970948012232416,0.9978593272171254,0.9970948012232416,0.9970948012232416,0.9946483180428134,0.9833333333333333,0.9584097859327217,0.9970948012232416,0.9978593272171254,0.9970948012232416,0.9970948012232416,0.9946483180428134,0.9834862385321101,0.9584097859327217
81,winequality-red-8_vs_6-7,0.7050898203592815,0.6272455089820359,0.6197604790419162,0.7125748502994012,0.7949101796407185,0.7065868263473054,0.6017964071856288,0.687125748502994,0.6212574850299402,0.6182634730538923,0.7200598802395209,0.7949101796407185,0.7065868263473054,0.6017964071856288,0.6661676646706587,0.6511976047904191,0.6002994011976048,0.7170658682634731,0.7949101796407185,0.6991017964071857,0.6017964071856288,0.6796407185628742,0.625748502994012,0.6332335329341318,0.718562874251497,0.7949101796407185,0.6916167664670658,0.6017964071856288
82,yeast6,0.7305418719211823,0.6798029556650247,0.6064039408866995,0.7463054187192117,0.8064039408866995,0.8339901477832512,0.8571428571428571,0.7295566502463054,0.6738916256157635,0.6142857142857143,0.7443349753694581,0.8064039408866995,0.8325123152709359,0.8571428571428571,0.7334975369458128,0.6660098522167488,0.6078817733990147,0.7610837438423645,0.8064039408866995,0.8566502463054187,0.8571428571428571,0.7310344827586207,0.6842364532019705,0.6054187192118227,0.7566502463054188,0.8064039408866995,0.8236453201970444,0.8571428571428571
83,poker-8-9_vs_6,0.9404109589041095,0.9684931506849315,0.8041095890410959,0.9006849315068494,0.739041095890411,0.6527397260273973,0.5294520547945205,0.9431506849315069,0.9636986301369863,0.7999999999999999,0.9,0.739041095890411,0.6410958904109589,0.5294520547945205,0.9424657534246575,0.963013698630137,0.7965753424657533,0.964041095890411,0.739041095890411,0.5684931506849314,0.5294520547945205,0.9404109589041095,0.9732876712328767,0.8,0.9664383561643836,0.739041095890411,0.5753424657534246,0.5294520547945205
84,kr-vs-k-zero-one_vs_draw,0.916156462585034,0.9671768707482993,0.9620748299319728,0.5,0.9862244897959184,0.7465136054421768,0.8264455782312925,0.9566751700680272,0.9105017006802721,0.935671768707483,0.5,0.9862244897959184,0.702295918367347,0.8264455782312925,0.9660714285714286,0.8670918367346938,0.9410714285714286,0.5,0.9862244897959184,0.8086734693877551,0.8264455782312925,0.9658588435374149,0.9198979591836735,0.9321003401360545,0.5,0.9862244897959184,0.8225340136054422,0.8264455782312925
85,led7digit-0-2-4-5-6-7-8-9_vs_1,0.7407407407407407,0.7430555555555556,0.7530864197530864,0.746141975308642,0.9251543209876543,0.8773148148148148,0.9513888888888888,0.8811728395061729,0.8726851851851851,0.9066358024691358,0.7438271604938271,0.9251543209876543,0.8742283950617284,0.9513888888888888,0.7345679012345678,0.7322530864197531,0.7507716049382716,0.7484567901234568,0.9251543209876543,0.8804012345679012,0.9513888888888888,0.7384259259259259,0.7384259259259259,0.753858024691358,0.7438271604938271,0.9251543209876543,0.8819444444444444,0.9513888888888888
86,glass-0-1-5_vs_2,0.564516129032258,0.5806451612903225,0.5725806451612903,0.5564516129032258,0.5483870967741935,0.5645161290322581,0.7419354838709677,0.5725806451612904,0.5887096774193549,0.5887096774193549,0.5564516129032258,0.5483870967741935,0.5403225806451613,0.7419354838709677,0.564516129032258,0.5725806451612903,0.5887096774193548,0.5564516129032258,0.5483870967741935,0.5564516129032258,0.7419354838709677,0.5725806451612903,0.5806451612903225,0.5887096774193549,0.5483870967741936,0.5483870967741935,0.532258064516129,0.7419354838709677
87,new-thyroid2,0.9880952380952381,0.9880952380952381,0.8809523809523809,0.9841269841269841,0.9920634920634921,0.9722222222222222,0.9404761904761905,0.9880952380952381,0.9880952380952381,0.8809523809523809,0.9841269841269841,0.9920634920634921,0.9642857142857143,0.9404761904761905,0.9880952380952381,0.9801587301587301,0.873015873015873,0.9801587301587301,0.9920634920634921,0.9880952380952381,0.9404761904761905,0.9880952380952381,0.9880952380952381,0.8888888888888888,0.9841269841269841,0.9920634920634921,0.9642857142857143,0.9404761904761905
88,dermatology-6,1.0,1.0,1.0,0.9981617647058824,1.0,0.9522058823529412,0.9632352941176471,1.0,1.0,1.0,0.9981617647058824,1.0,1.0,0.9632352941176471,1.0,1.0,1.0,0.9981617647058824,1.0,0.9852941176470589,0.9632352941176471,1.0,1.0,1.0,0.9981617647058824,1.0,0.974264705882353,0.9632352941176471
89,ecoli-0-6-7_vs_3-5,0.98,0.995,0.91,0.985,0.925,0.9,0.86,0.985,0.995,0.905,0.985,0.925,0.94,0.86,0.985,0.99,0.905,0.985,0.925,0.9099999999999999,0.86,0.985,0.995,0.905,0.985,0.925,0.915,0.86
90,ecoli-0-3-4-6_vs_5,0.9324324324324325,0.9324324324324325,0.9054054054054055,0.9391891891891893,0.9121621621621622,0.918918918918919,0.9054054054054054,0.9527027027027027,0.9256756756756757,0.8986486486486487,0.9324324324324325,0.9121621621621622,0.9121621621621622,0.9054054054054054,0.9324324324324325,0.9121621621621622,0.8986486486486487,0.9391891891891893,0.9121621621621622,0.9189189189189189,0.9054054054054054,0.9391891891891893,0.9121621621621622,0.9054054054054055,0.9391891891891893,0.9121621621621622,0.8918918918918919,0.9054054054054054
91,winequality-white-9_vs_4,0.5151515151515151,0.6363636363636364,0.7878787878787878,0.6363636363636364,0.5454545454545454,0.5151515151515151,0.9393939393939394,0.6363636363636364,0.6363636363636364,0.7575757575757576,0.7575757575757576,0.5454545454545454,0.5757575757575757,0.9393939393939394,0.5757575757575758,0.6666666666666666,0.696969696969697,0.7575757575757576,0.5454545454545454,0.5454545454545454,0.9393939393939394,0.6060606060606061,0.6666666666666666,0.6363636363636364,0.7575757575757576,0.5454545454545454,0.5757575757575757,0.9393939393939394
92,abalone9-18,0.9806763285024155,0.9702093397745571,0.9613526570048309,0.9766505636070854,0.9259259259259259,0.8607085346215781,0.7391304347826086,0.9806763285024155,0.9677938808373591,0.9605475040257648,0.9758454106280193,0.9259259259259259,0.8454106280193237,0.7391304347826086,0.9782608695652174,0.9685990338164251,0.9597423510466988,0.9734299516908212,0.9259259259259259,0.8462157809983897,0.7391304347826086,0.9814814814814815,0.9694041867954911,0.9613526570048309,0.9750402576489533,0.9259259259259259,0.8735909822866345,0.7391304347826086
93,segment0,0.9419957147229875,0.9546985001530456,0.9571854912764004,0.9364095500459136,0.7304101622283441,0.6342209978573614,0.6257652280379553,0.9423018059381696,0.9540480563207836,0.956267217630854,0.9395852464034282,0.7304101622283441,0.5261325374961738,0.6257652280379553,0.9426844199571472,0.9550428527701255,0.9566115702479339,0.9361799816345271,0.7304101622283441,0.5213498622589532,0.6257652280379553,0.9420722375267829,0.9542393633302724,0.9572237526782982,0.9381313131313131,0.7304101622283441,0.5114401591674319,0.6257652280379553
94,winequality-white-3-9_vs_5,0.8068493150684931,0.8212328767123288,0.8027397260273972,0.813013698630137,0.6815068493150684,0.6095890410958904,0.5732876712328767,0.8082191780821918,0.8184931506849316,0.7924657534246575,0.8171232876712329,0.6815068493150684,0.6061643835616438,0.5732876712328767,0.8095890410958904,0.8191780821917808,0.7965753424657533,0.8082191780821918,0.6815068493150684,0.5835616438356164,0.5732876712328767,0.8068493150684931,0.8171232876712329,0.7965753424657535,0.8150684931506849,0.6815068493150684,0.5986301369863014,0.5732876712328767
